1,1,2,1,PROJECT NAME (Proj #),0 days,1/1/21,12/31/22,0%,$0.00 ,0 hours,,2021-04-29 18:38:37.096 +00:00,2021-04-29 18:38:37.096 +00:00
2,1,2,1.1,DESIGN,0 days,1/1/21,12/31/22,0%,$0.00 ,0 hours,,2021-04-29 18:38:37.096 +00:00,2021-04-29 18:38:37.096 +00:00
3,1,2,1.1.1,Project Start,0 days,1/1/21,12/31/22,0%,$0.00 ,0 hours,,2021-04-29 18:38:37.096 +00:00,2021-04-29 18:38:37.096 +00:00
4,1,2,1.1.2,Basis of Design (BoD),0 days,1/1/21,12/31/22,0%,$0.00 ,0 hours,,2021-04-29 18:38:37.096 +00:00,2021-04-29 18:38:37.096 +00:00
5,1,2,1.1.2.1,Solicit Basis of Design Narrative,0 days,1/1/21,12/31/22,0%,$0.00 ,0 hours,,2021-04-29 18:38:37.096 +00:00,2021-04-29 18:38:37.096 +00:00
6,1,2,1.1.2.2,Develop OPR-BoD Matrix,0 days,1/1/21,12/31/22,0%,$0.00 ,0 hours,,2021-04-29 18:38:37.096 +00:00,2021-04-29 18:38:37.096 +00:00
7,1,2,1.1.2.3,Review & Comment with OPR-BoD ,0 days,1/1/21,12/31/22,0%,$0.00 ,0 hours,,2021-04-29 18:38:37.096 +00:00,2021-04-29 18:38:37.096 +00:00
8,1,2,1.1.2.4,QA/QC BoD Comments,0 days,1/1/21,12/31/22,0%,$0.00 ,0 hours,,2021-04-29 18:38:37.096 +00:00,2021-04-29 18:38:37.096 +00:00
9,1,2,1.1.2.5,Deliver Comments to A/E,0 days,1/1/21,12/31/22,0%,$0.00 ,0 hours,,2021-04-29 18:38:37.096 +00:00,2021-04-29 18:38:37.096 +00:00
10,1,2,1.1.3,Design Review - 1,0 days,1/1/21,12/31/22,0%,$0.00 ,0 hours,,2021-04-29 18:38:37.096 +00:00,2021-04-29 18:38:37.096 +00:00
11,1,2,1.1.3.1,Copy/Distrib Drawings ,0 days,1/1/21,12/31/22,0%,$0.00 ,0 hours,,2021-04-29 18:38:37.096 +00:00,2021-04-29 18:38:37.096 +00:00
12,1,2,1.1.3.2,Mobilize Design Review,0 days,1/1/21,12/31/22,0%,$0.00 ,0 hours,,2021-04-29 18:38:37.096 +00:00,2021-04-29 18:38:37.096 +00:00
13,1,2,1.1.3.3,Prepare Review Template,0 days,1/1/21,12/31/22,0%,$0.00 ,0 hours,,2021-04-29 18:38:37.096 +00:00,2021-04-29 18:38:37.096 +00:00
14,1,2,1.1.3.4,Design Review Meeting,0 days,1/1/21,12/31/22,0%,$0.00 ,0 hours,,2021-04-29 18:38:37.096 +00:00,2021-04-29 18:38:37.096 +00:00
15,1,2,1.1.3.5,Accomplish Design Review,0 days,1/1/21,12/31/22,0%,$0.00 ,0 hours,,2021-04-29 18:38:37.096 +00:00,2021-04-29 18:38:37.096 +00:00
16,1,2,1.1.3.6,QA/QC Design Review ,0 days,1/1/21,12/31/22,0%,$0.00 ,0 hours,,2021-04-29 18:38:37.096 +00:00,2021-04-29 18:38:37.096 +00:00
17,1,2,1.1.3.7,Submit Comments to Client,0 days,1/1/21,12/31/22,0%,$0.00 ,0 hours,,2021-04-29 18:38:37.096 +00:00,2021-04-29 18:38:37.096 +00:00
18,1,2,1.1.3.8,Write/Distribute Mtg Minutes,0 days,1/1/21,12/31/22,0%,$0.00 ,0 hours,,2021-04-29 18:38:37.096 +00:00,2021-04-29 18:38:37.096 +00:00
19,1,2,1.1.4,Owners Project Requirements,0 days,1/1/21,12/31/22,0%,$0.00 ,0 hours,,2021-04-29 18:38:37.096 +00:00,2021-04-29 18:38:37.096 +00:00
20,1,2,1.1.4.1,Prepare Material,0 days,1/1/21,12/31/22,0%,$0.00 ,0 hours,,2021-04-29 18:38:37.096 +00:00,2021-04-29 18:38:37.096 +00:00
21,1,2,1.1.4.2,Convene Workshop,0 days,1/1/21,12/31/22,0%,$0.00 ,0 hours,,2021-04-29 18:38:37.096 +00:00,2021-04-29 18:38:37.096 +00:00
22,1,2,1.1.4.3,Travel_OPR Wkshp,0 days,1/1/21,12/31/22,0%,$0.00 ,0 hours,,2021-04-29 18:38:37.096 +00:00,2021-04-29 18:38:37.096 +00:00
23,1,2,1.1.4.4,Process Wrokshop Results,0 days,1/1/21,12/31/22,0%,$0.00 ,0 hours,,2021-04-29 18:38:37.096 +00:00,2021-04-29 18:38:37.096 +00:00
24,1,2,1.1.4.5,QA/QC Results,0 days,1/1/21,12/31/22,0%,$0.00 ,0 hours,,2021-04-29 18:38:37.096 +00:00,2021-04-29 18:38:37.096 +00:00
25,1,2,1.1.4.6,Distribute Results,0 days,1/1/21,12/31/22,0%,$0.00 ,0 hours,,2021-04-29 18:38:37.096 +00:00,2021-04-29 18:38:37.096 +00:00
26,1,2,1.1.4.7,Develop/Distrib Draft OPR Doc,0 days,1/1/21,12/31/22,0%,$0.00 ,0 hours,,2021-04-29 18:38:37.096 +00:00,2021-04-29 18:38:37.096 +00:00
27,1,2,1.1.4.8,Develop/Distrib OPR/BoD ,0 days,1/1/21,12/31/22,0%,$0.00 ,0 hours,,2021-04-29 18:38:37.096 +00:00,2021-04-29 18:38:37.096 +00:00
28,1,2,1.1.5,Commissioning Plan,0 days,1/1/21,12/31/22,0%,$0.00 ,0 hours,,2021-04-29 18:38:37.096 +00:00,2021-04-29 18:38:37.096 +00:00
29,1,2,1.1.5.1,Solicit Project Information,0 days,1/1/21,12/31/22,0%,$0.00 ,0 hours,,2021-04-29 18:38:37.096 +00:00,2021-04-29 18:38:37.096 +00:00
30,1,2,1.1.5.2,Integrate Project Information into ,0 days,1/1/21,12/31/22,0%,$0.00 ,0 hours,,2021-04-29 18:38:37.096 +00:00,2021-04-29 18:38:37.096 +00:00
31,1,2,1.1.5.3,QA/QC Draft Cx Plan,0 days,1/1/21,12/31/22,0%,$0.00 ,0 hours,,2021-04-29 18:38:37.096 +00:00,2021-04-29 18:38:37.096 +00:00
32,1,2,1.1.5.4,Develop/Distribute Draft Cx Plan,0 days,1/1/21,12/31/22,0%,$0.00 ,0 hours,,2021-04-29 18:38:37.096 +00:00,2021-04-29 18:38:37.096 +00:00
33,1,2,1.1.6,Cx Spec Integration,0 days,1/1/21,12/31/22,0%,$0.00 ,0 hours,,2021-04-29 18:38:37.096 +00:00,2021-04-29 18:38:37.096 +00:00
34,1,2,1.1.6.1,Review Construction ,0 days,1/1/21,12/31/22,0%,$0.00 ,0 hours,,2021-04-29 18:38:37.096 +00:00,2021-04-29 18:38:37.096 +00:00
35,1,2,1.1.6.2,Mobilize Cx System Specialists,0 days,1/1/21,12/31/22,0%,$0.00 ,0 hours,,2021-04-29 18:38:37.096 +00:00,2021-04-29 18:38:37.096 +00:00
36,1,2,1.1.6.3,Integrate Cx Specs,0 days,1/1/21,12/31/22,0%,$0.00 ,0 hours,,2021-04-29 18:38:37.096 +00:00,2021-04-29 18:38:37.096 +00:00
37,1,2,1.1.6.4,QA/QC Cx Specifications,0 days,1/1/21,12/31/22,0%,$0.00 ,0 hours,,2021-04-29 18:38:37.096 +00:00,2021-04-29 18:38:37.096 +00:00
38,1,2,1.1.6.5,Distribute Cx Specifications,0 days,1/1/21,12/31/22,0%,$0.00 ,0 hours,,2021-04-29 18:38:37.096 +00:00,2021-04-29 18:38:37.096 +00:00
39,1,2,1.1.7,Design Review 95% DD),0 days,1/1/21,12/31/22,0%,$0.00 ,0 hours,,2021-04-29 18:38:37.096 +00:00,2021-04-29 18:38:37.096 +00:00
40,1,2,1.1.7.1,Copy/Distrib Drawings ,0 days,1/1/21,12/31/22,0%,$0.00 ,0 hours,,2021-04-29 18:38:37.096 +00:00,2021-04-29 18:38:37.096 +00:00
41,1,2,1.1.7.2,Mobilize Design Review,0 days,1/1/21,12/31/22,0%,$0.00 ,0 hours,,2021-04-29 18:38:37.096 +00:00,2021-04-29 18:38:37.096 +00:00
42,1,2,1.1.7.3,Prepare Review Template,0 days,1/1/21,12/31/22,0%,$0.00 ,0 hours,,2021-04-29 18:38:37.096 +00:00,2021-04-29 18:38:37.096 +00:00
43,1,2,1.1.7.4,Design Review Meeting,0 days,1/1/21,12/31/22,0%,$0.00 ,0 hours,,2021-04-29 18:38:37.096 +00:00,2021-04-29 18:38:37.096 +00:00
44,1,2,1.1.7.5,Accomplish Design Review ,0 days,1/1/21,12/31/22,0%,$0.00 ,0 hours,,2021-04-29 18:38:37.096 +00:00,2021-04-29 18:38:37.096 +00:00
45,1,2,1.1.7.6,QA/QC Design Review ,0 days,1/1/21,12/31/22,0%,$0.00 ,0 hours,,2021-04-29 18:38:37.096 +00:00,2021-04-29 18:38:37.096 +00:00
46,1,2,1.1.7.7,Submit Comments to Client,0 days,1/1/21,12/31/22,0%,$0.00 ,0 hours,,2021-04-29 18:38:37.096 +00:00,2021-04-29 18:38:37.096 +00:00
47,1,2,1.1.7.8,Write/Distribute Mtg Minutes,0 days,1/1/21,12/31/22,0%,$0.00 ,0 hours,,2021-04-29 18:38:37.096 +00:00,2021-04-29 18:38:37.096 +00:00
48,1,2,1.1.8,Initiate Issues Log (Task 658),0 days,1/1/21,12/31/22,0%,$0.00 ,0 hours,,2021-04-29 18:38:37.096 +00:00,2021-04-29 18:38:37.096 +00:00
49,1,2,1.1.8.1,Initiate CxTool File,0 days,1/1/21,12/31/22,0%,$0.00 ,0 hours,,2021-04-29 18:38:37.096 +00:00,2021-04-29 18:38:37.096 +00:00
50,1,2,1.1.8.2,Create Issues ,0 days,1/1/21,12/31/22,0%,$0.00 ,0 hours,,2021-04-29 18:38:37.096 +00:00,2021-04-29 18:38:37.096 +00:00
51,1,2,1.1.8.3,Import Unresolved Design ,0 days,1/1/21,12/31/22,0%,$0.00 ,0 hours,,2021-04-29 18:38:37.096 +00:00,2021-04-29 18:38:37.096 +00:00
52,1,2,1.1.8.4,Publish Pending Issues Log,0 days,1/1/21,12/31/22,0%,$0.00 ,0 hours,,2021-04-29 18:38:37.096 +00:00,2021-04-29 18:38:37.096 +00:00
53,1,2,1.2,CONSTRUCTION,0 days,1/1/21,12/31/22,0%,$0.00 ,0 hours,,2021-04-29 18:38:37.096 +00:00,2021-04-29 18:38:37.096 +00:00
54,1,2,1.2.1,Construction Start,0 days,1/1/21,12/31/22,0%,$0.00 ,0 hours,,2021-04-29 18:38:37.096 +00:00,2021-04-29 18:38:37.096 +00:00
55,1,2,1.2.2,Submittal Review,0 days,1/1/21,12/31/22,0%,$0.00 ,0 hours,,2021-04-29 18:38:37.096 +00:00,2021-04-29 18:38:37.096 +00:00
56,1,2,1.2.2.1,Solicit submittal Log from GC,0 days,1/1/21,12/31/22,0%,$0.00 ,0 hours,,2021-04-29 18:38:37.096 +00:00,2021-04-29 18:38:37.096 +00:00
57,1,2,1.2.2.2,Receive/Log/Tag/Distribute ,0 days,1/1/21,12/31/22,0%,$0.00 ,0 hours,,2021-04-29 18:38:37.096 +00:00,2021-04-29 18:38:37.096 +00:00
58,1,2,1.2.2.3,Review and Comment on ,0 days,1/1/21,12/31/22,0%,$0.00 ,0 hours,,2021-04-29 18:38:37.096 +00:00,2021-04-29 18:38:37.096 +00:00
59,1,2,1.2.2.4,QA/QC Submittal Comments,0 days,1/1/21,12/31/22,0%,$0.00 ,0 hours,,2021-04-29 18:38:37.096 +00:00,2021-04-29 18:38:37.096 +00:00
60,1,2,1.2.2.5,Distribute Comments to A/E,0 days,1/1/21,12/31/22,0%,$0.00 ,0 hours,,2021-04-29 18:38:37.096 +00:00,2021-04-29 18:38:37.096 +00:00
61,1,2,1.2.2.6,Receive/Update Log/File ,0 days,1/1/21,12/31/22,0%,$0.00 ,0 hours,,2021-04-29 18:38:37.096 +00:00,2021-04-29 18:38:37.096 +00:00
62,1,2,1.2.3,Construction Checklists,0 days,1/1/21,12/31/22,0%,$0.00 ,0 hours,,2021-04-29 18:38:37.096 +00:00,2021-04-29 18:38:37.096 +00:00
63,1,2,1.2.3.1,Tag Equipment in CxAlloy,0 days,1/1/21,12/31/22,0%,$0.00 ,0 hours,,2021-04-29 18:38:37.096 +00:00,2021-04-29 18:38:37.096 +00:00
64,1,2,1.2.3.2,Submit Checklists for ,0 days,1/1/21,12/31/22,0%,$0.00 ,0 hours,,2021-04-29 18:38:37.096 +00:00,2021-04-29 18:38:37.096 +00:00
65,1,2,1.2.3.3,Update Checklists in CxAlloy,0 days,1/1/21,12/31/22,0%,$0.00 ,0 hours,,2021-04-29 18:38:37.096 +00:00,2021-04-29 18:38:37.096 +00:00
66,1,2,1.2.3.4,Mine Approved Submittal for ,0 days,1/1/21,12/31/22,0%,$0.00 ,0 hours,,2021-04-29 18:38:37.096 +00:00,2021-04-29 18:38:37.096 +00:00
67,1,2,1.2.3.5,Order ipads + CxAlloy ,0 days,1/1/21,12/31/22,0%,$0.00 ,0 hours,,2021-04-29 18:38:37.096 +00:00,2021-04-29 18:38:37.096 +00:00
68,1,2,1.2.3.6,Train on Cx Alloy,0 days,1/1/21,12/31/22,0%,$0.00 ,0 hours,,2021-04-29 18:38:37.096 +00:00,2021-04-29 18:38:37.096 +00:00
69,1,2,1.2.4,Site Visit/Cx Meetings,0 days,1/1/21,12/31/22,0%,$0.00 ,0 hours,,2021-04-29 18:38:37.096 +00:00,2021-04-29 18:38:37.096 +00:00
70,1,2,1.2.4.1,"Cx Meeting/Site Visit - 1 [NG, ",0 days,1/1/21,12/31/22,0%,$0.00 ,0 hours,,2021-04-29 18:38:37.096 +00:00,2021-04-29 18:38:37.096 +00:00
71,1,2,1.2.4.1.1,Preparation,0 days,1/1/21,12/31/22,0%,$0.00 ,0 hours,,2021-04-29 18:38:37.096 +00:00,2021-04-29 18:38:37.096 +00:00
72,1,2,1.2.4.1.2,Print Meeting Docs,0 days,1/1/21,12/31/22,0%,$0.00 ,0 hours,,2021-04-29 18:38:37.096 +00:00,2021-04-29 18:38:37.096 +00:00
73,1,2,1.2.4.1.3,Travel,0 days,1/1/21,12/31/22,0%,$0.00 ,0 hours,,2021-04-29 18:38:37.096 +00:00,2021-04-29 18:38:37.096 +00:00
74,1,2,1.2.4.1.4,Conduct Cx Meeting & Site Visit ,0 days,1/1/21,12/31/22,0%,$0.00 ,0 hours,,2021-04-29 18:38:37.096 +00:00,2021-04-29 18:38:37.096 +00:00
75,1,2,1.2.4.1.5,Write Reports,0 days,1/1/21,12/31/22,0%,$0.00 ,0 hours,,2021-04-29 18:38:37.096 +00:00,2021-04-29 18:38:37.096 +00:00
76,1,2,1.2.4.1.6,QA/QC Deliverables,0 days,1/1/21,12/31/22,0%,$0.00 ,0 hours,,2021-04-29 18:38:37.096 +00:00,2021-04-29 18:38:37.096 +00:00
77,1,2,1.2.4.2,"Cx Meeting/Site Visit - 2 [NG, AA]",0 days,1/1/21,12/31/22,0%,$0.00 ,0 hours,,2021-04-29 18:38:37.096 +00:00,2021-04-29 18:38:37.096 +00:00
78,1,2,1.2.4.2.1,Preparation,0 days,1/1/21,12/31/22,0%,$0.00 ,0 hours,,2021-04-29 18:38:37.096 +00:00,2021-04-29 18:38:37.096 +00:00
79,1,2,1.2.4.2.2,Travel,0 days,1/1/21,12/31/22,0%,$0.00 ,0 hours,,2021-04-29 18:38:37.096 +00:00,2021-04-29 18:38:37.096 +00:00
80,1,2,1.2.4.2.3,Conduct Site Review and Cx ,0 days,1/1/21,12/31/22,0%,$0.00 ,0 hours,,2021-04-29 18:38:37.096 +00:00,2021-04-29 18:38:37.096 +00:00
81,1,2,1.2.4.2.4,Write Reports,0 days,1/1/21,12/31/22,0%,$0.00 ,0 hours,,2021-04-29 18:38:37.096 +00:00,2021-04-29 18:38:37.096 +00:00
82,1,2,1.2.4.2.5,QA/QC Deliverables,0 days,1/1/21,12/31/22,0%,$0.00 ,0 hours,,2021-04-29 18:38:37.096 +00:00,2021-04-29 18:38:37.096 +00:00
83,1,2,1.2.4.3,"Cx Meeting/Site Visit - 3 [NG, ",0 days,1/1/21,12/31/22,0%,$0.00 ,0 hours,,2021-04-29 18:38:37.096 +00:00,2021-04-29 18:38:37.096 +00:00
84,1,2,1.2.4.3.1,Preparation,0 days,1/1/21,12/31/22,0%,$0.00 ,0 hours,,2021-04-29 18:38:37.096 +00:00,2021-04-29 18:38:37.096 +00:00
85,1,2,1.2.4.3.2,Travel,0 days,1/1/21,12/31/22,0%,$0.00 ,0 hours,,2021-04-29 18:38:37.096 +00:00,2021-04-29 18:38:37.096 +00:00
86,1,2,1.2.4.3.3,Conduct Site Review and Cx ,0 days,1/1/21,12/31/22,0%,$0.00 ,0 hours,,2021-04-29 18:38:37.096 +00:00,2021-04-29 18:38:37.096 +00:00
87,1,2,1.2.4.3.4,Write Reports,0 days,1/1/21,12/31/22,0%,$0.00 ,0 hours,,2021-04-29 18:38:37.096 +00:00,2021-04-29 18:38:37.096 +00:00
88,1,2,1.2.4.3.5,QA/QC Deliverables,0 days,1/1/21,12/31/22,0%,$0.00 ,0 hours,,2021-04-29 18:38:37.096 +00:00,2021-04-29 18:38:37.096 +00:00
89,1,2,1.2.4.4,"Cx Meeting/Site Visit - 4 [NG, AA]",0 days,1/1/21,12/31/22,0%,$0.00 ,0 hours,,2021-04-29 18:38:37.096 +00:00,2021-04-29 18:38:37.096 +00:00
90,1,2,1.2.4.4.1,Preparation,0 days,1/1/21,12/31/22,0%,$0.00 ,0 hours,,2021-04-29 18:38:37.096 +00:00,2021-04-29 18:38:37.096 +00:00
91,1,2,1.2.4.4.2,Travel,0 days,1/1/21,12/31/22,0%,$0.00 ,0 hours,,2021-04-29 18:38:37.096 +00:00,2021-04-29 18:38:37.096 +00:00
92,1,2,1.2.4.4.3,Conduct Site Review and Cx ,0 days,1/1/21,12/31/22,0%,$0.00 ,0 hours,,2021-04-29 18:38:37.096 +00:00,2021-04-29 18:38:37.096 +00:00
93,1,2,1.2.4.4.4,Write Reports,0 days,1/1/21,12/31/22,0%,$0.00 ,0 hours,,2021-04-29 18:38:37.096 +00:00,2021-04-29 18:38:37.096 +00:00
94,1,2,1.2.4.4.5,QA/QC Deliverables,0 days,1/1/21,12/31/22,0%,$0.00 ,0 hours,,2021-04-29 18:38:37.096 +00:00,2021-04-29 18:38:37.096 +00:00
95,1,2,1.2.4.5,"Cx Meeting/Site Visit - 5 [NG, ",0 days,1/1/21,12/31/22,0%,$0.00 ,0 hours,,2021-04-29 18:38:37.096 +00:00,2021-04-29 18:38:37.096 +00:00
96,1,2,1.2.4.5.1,Preparation,0 days,1/1/21,12/31/22,0%,$0.00 ,0 hours,,2021-04-29 18:38:37.096 +00:00,2021-04-29 18:38:37.096 +00:00
97,1,2,1.2.4.5.2,Travel,0 days,1/1/21,12/31/22,0%,$0.00 ,0 hours,,2021-04-29 18:38:37.096 +00:00,2021-04-29 18:38:37.096 +00:00
98,1,2,1.2.4.5.3,Conduct Site Review and Cx ,0 days,1/1/21,12/31/22,0%,$0.00 ,0 hours,,2021-04-29 18:38:37.096 +00:00,2021-04-29 18:38:37.096 +00:00
99,1,2,1.2.4.5.4,Write Reports,0 days,1/1/21,12/31/22,0%,$0.00 ,0 hours,,2021-04-29 18:38:37.096 +00:00,2021-04-29 18:38:37.096 +00:00
100,1,2,1.2.4.5.5,QA/QC Deliverables,0 days,1/1/21,12/31/22,0%,$0.00 ,0 hours,,2021-04-29 18:38:37.096 +00:00,2021-04-29 18:38:37.096 +00:00
101,1,2,1.2.4.6,"Cx Meeting/Site Visit - 6 [NG, AA]",0 days,1/1/21,12/31/22,0%,$0.00 ,0 hours,,2021-04-29 18:38:37.096 +00:00,2021-04-29 18:38:37.096 +00:00
102,1,2,1.2.4.6.1,Preparation,0 days,1/1/21,12/31/22,0%,$0.00 ,0 hours,,2021-04-29 18:38:37.096 +00:00,2021-04-29 18:38:37.096 +00:00
103,1,2,1.2.4.6.2,Travel,0 days,1/1/21,12/31/22,0%,$0.00 ,0 hours,,2021-04-29 18:38:37.096 +00:00,2021-04-29 18:38:37.096 +00:00
104,1,2,1.2.4.6.3,Conduct Site Review and Cx ,0 days,1/1/21,12/31/22,0%,$0.00 ,0 hours,,2021-04-29 18:38:37.096 +00:00,2021-04-29 18:38:37.096 +00:00
105,1,2,1.2.4.6.4,Write Reports,0 days,1/1/21,12/31/22,0%,$0.00 ,0 hours,,2021-04-29 18:38:37.096 +00:00,2021-04-29 18:38:37.096 +00:00
106,1,2,1.2.4.6.5,QA/QC Deliverables,0 days,1/1/21,12/31/22,0%,$0.00 ,0 hours,,2021-04-29 18:38:37.096 +00:00,2021-04-29 18:38:37.096 +00:00
107,1,2,1.2.4.7,"Cx Meeting/Site Visit - 7 [NG, ",0 days,1/1/21,12/31/22,0%,$0.00 ,0 hours,,2021-04-29 18:38:37.096 +00:00,2021-04-29 18:38:37.096 +00:00
108,1,2,1.2.4.7.1,Preparation,0 days,1/1/21,12/31/22,0%,$0.00 ,0 hours,,2021-04-29 18:38:37.096 +00:00,2021-04-29 18:38:37.096 +00:00
109,1,2,1.2.4.7.2,Travel,0 days,1/1/21,12/31/22,0%,$0.00 ,0 hours,,2021-04-29 18:38:37.096 +00:00,2021-04-29 18:38:37.096 +00:00
110,1,2,1.2.4.7.3,Conduct Site Review and Cx ,0 days,1/1/21,12/31/22,0%,$0.00 ,0 hours,,2021-04-29 18:38:37.096 +00:00,2021-04-29 18:38:37.096 +00:00
111,1,2,1.2.4.7.4,Write Reports,0 days,1/1/21,12/31/22,0%,$0.00 ,0 hours,,2021-04-29 18:38:37.096 +00:00,2021-04-29 18:38:37.096 +00:00
112,1,2,1.2.4.7.5,QA/QC Deliverables,0 days,1/1/21,12/31/22,0%,$0.00 ,0 hours,,2021-04-29 18:38:37.096 +00:00,2021-04-29 18:38:37.096 +00:00
113,1,2,1.2.4.8,"Cx Meeting/Site Visit - 8 [NG, AA]",0 days,1/1/21,12/31/22,0%,$0.00 ,0 hours,,2021-04-29 18:38:37.096 +00:00,2021-04-29 18:38:37.096 +00:00
114,1,2,1.2.4.8.1,Preparation,0 days,1/1/21,12/31/22,0%,$0.00 ,0 hours,,2021-04-29 18:38:37.096 +00:00,2021-04-29 18:38:37.096 +00:00
115,1,2,1.2.4.8.2,Travel,0 days,1/1/21,12/31/22,0%,$0.00 ,0 hours,,2021-04-29 18:38:37.096 +00:00,2021-04-29 18:38:37.096 +00:00
116,1,2,1.2.4.8.3,Conduct Site Review and Cx ,0 days,1/1/21,12/31/22,0%,$0.00 ,0 hours,,2021-04-29 18:38:37.096 +00:00,2021-04-29 18:38:37.096 +00:00
117,1,2,1.2.4.8.4,Write Reports,0 days,1/1/21,12/31/22,0%,$0.00 ,0 hours,,2021-04-29 18:38:37.096 +00:00,2021-04-29 18:38:37.096 +00:00
118,1,2,1.2.4.8.5,QA/QC Deliverables,0 days,1/1/21,12/31/22,0%,$0.00 ,0 hours,,2021-04-29 18:38:37.096 +00:00,2021-04-29 18:38:37.096 +00:00
119,1,2,1.3,TESTING,0 days,1/1/21,12/31/22,0%,$0.00 ,0 hours,,2021-04-29 18:38:37.096 +00:00,2021-04-29 18:38:37.096 +00:00
120,1,2,1.3.1,Systems Manual,0 days,1/1/21,12/31/22,0%,$0.00 ,0 hours,,2021-04-29 18:38:37.096 +00:00,2021-04-29 18:38:37.096 +00:00
121,1,2,1.3.1.1,Compose Systems Manual,0 days,1/1/21,12/31/22,0%,$0.00 ,0 hours,,2021-04-29 18:38:37.096 +00:00,2021-04-29 18:38:37.096 +00:00
122,1,2,1.3.1.2,QA Systems Manual,0 days,1/1/21,12/31/22,0%,$0.00 ,0 hours,,2021-04-29 18:38:37.096 +00:00,2021-04-29 18:38:37.096 +00:00
123,1,2,1.3.1.3,Distribute Systems Manual,0 days,1/1/21,12/31/22,0%,$0.00 ,0 hours,,2021-04-29 18:38:37.096 +00:00,2021-04-29 18:38:37.096 +00:00
124,1,2,1.3.2,Functional Performance Test,0 days,1/1/21,12/31/22,0%,$0.00 ,0 hours,,2021-04-29 18:38:37.096 +00:00,2021-04-29 18:38:37.096 +00:00
125,1,2,1.3.2.1,Write FPT Procedures,0 days,1/1/21,12/31/22,0%,$0.00 ,0 hours,,2021-04-29 18:38:37.096 +00:00,2021-04-29 18:38:37.096 +00:00
126,1,2,1.3.2.2,Phase I Execution,0 days,1/1/21,12/31/22,0%,$0.00 ,0 hours,,2021-04-29 18:38:37.096 +00:00,2021-04-29 18:38:37.096 +00:00
127,1,2,1.3.2.2.1,Preparation,0 days,1/1/21,12/31/22,0%,$0.00 ,0 hours,,2021-04-29 18:38:37.096 +00:00,2021-04-29 18:38:37.096 +00:00
128,1,2,1.3.2.2.2,Travel,0 days,1/1/21,12/31/22,0%,$0.00 ,0 hours,,2021-04-29 18:38:37.096 +00:00,2021-04-29 18:38:37.096 +00:00
129,1,2,1.3.2.2.3,Field Testing,0 days,1/1/21,12/31/22,0%,$0.00 ,0 hours,,2021-04-29 18:38:37.096 +00:00,2021-04-29 18:38:37.096 +00:00
130,1,2,1.3.2.2.4,Write Report,0 days,1/1/21,12/31/22,0%,$0.00 ,0 hours,,2021-04-29 18:38:37.096 +00:00,2021-04-29 18:38:37.096 +00:00
131,1,2,1.3.2.2.5,Update Cx Issues Log,0 days,1/1/21,12/31/22,0%,$0.00 ,0 hours,,2021-04-29 18:38:37.096 +00:00,2021-04-29 18:38:37.096 +00:00
132,1,2,1.3.2.2.6,QA/QC Deliverables,0 days,1/1/21,12/31/22,0%,$0.00 ,0 hours,,2021-04-29 18:38:37.096 +00:00,2021-04-29 18:38:37.096 +00:00
133,1,2,1.3.3,O&M Manual Review,0 days,1/1/21,12/31/22,0%,$0.00 ,0 hours,,2021-04-29 18:38:37.096 +00:00,2021-04-29 18:38:37.096 +00:00
134,1,2,1.3.3.1,Solicit manuals from GC,0 days,1/1/21,12/31/22,0%,$0.00 ,0 hours,,2021-04-29 18:38:37.096 +00:00,2021-04-29 18:38:37.096 +00:00
135,1,2,1.3.3.2,Review and Provide Comments,0 days,1/1/21,12/31/22,0%,$0.00 ,0 hours,,2021-04-29 18:38:37.096 +00:00,2021-04-29 18:38:37.096 +00:00
136,1,2,1.3.4,Training Review,0 days,1/1/21,12/31/22,0%,$0.00 ,0 hours,,2021-04-29 18:38:37.096 +00:00,2021-04-29 18:38:37.096 +00:00
137,1,2,1.3.4.1,Prepare Forms and Schedule,0 days,1/1/21,12/31/22,0%,$0.00 ,0 hours,,2021-04-29 18:38:37.096 +00:00,2021-04-29 18:38:37.096 +00:00
138,1,2,1.3.4.2,Execution,0 days,1/1/21,12/31/22,0%,$0.00 ,0 hours,,2021-04-29 18:38:37.096 +00:00,2021-04-29 18:38:37.096 +00:00
139,1,2,1.3.4.3,QA/QC Deliverables,0 days,1/1/21,12/31/22,0%,$0.00 ,0 hours,,2021-04-29 18:38:37.096 +00:00,2021-04-29 18:38:37.096 +00:00
140,1,2,1.4,OPERATION,0 days,1/1/21,12/31/22,0%,$0.00 ,0 hours,,2021-04-29 18:38:37.096 +00:00,2021-04-29 18:38:37.096 +00:00
141,1,2,1.4.1,Final Report,0 days,1/1/21,12/31/22,0%,$0.00 ,0 hours,,2021-04-29 18:38:37.096 +00:00,2021-04-29 18:38:37.096 +00:00
142,1,2,1.4.1.1,Write Narratives,0 days,1/1/21,12/31/22,0%,$0.00 ,0 hours,,2021-04-29 18:38:37.096 +00:00,2021-04-29 18:38:37.096 +00:00
143,1,2,1.4.1.2,Assemble Final Report,0 days,1/1/21,12/31/22,0%,$0.00 ,0 hours,,2021-04-29 18:38:37.096 +00:00,2021-04-29 18:38:37.096 +00:00
144,1,2,1.4.1.3,QA/QC Final Report,0 days,1/1/21,12/31/22,0%,$0.00 ,0 hours,,2021-04-29 18:38:37.096 +00:00,2021-04-29 18:38:37.096 +00:00
145,1,2,1.4.1.4,Print/Distribute Copies to Owner,0 days,1/1/21,12/31/22,0%,$0.00 ,0 hours,,2021-04-29 18:38:37.096 +00:00,2021-04-29 18:38:37.096 +00:00
146,1,2,1.4.2,Seasonal Testing,0 days,1/1/21,12/31/22,0%,$0.00 ,0 hours,,2021-04-29 18:38:37.096 +00:00,2021-04-29 18:38:37.096 +00:00
147,1,2,1.4.2.1,Update Cx Issues Log,0 days,1/1/21,12/31/22,0%,$0.00 ,0 hours,,2021-04-29 18:38:37.096 +00:00,2021-04-29 18:38:37.096 +00:00
148,1,2,1.4.2.2,QA/QC Deliverables,0 days,1/1/21,12/31/22,0%,$0.00 ,0 hours,,2021-04-29 18:38:37.096 +00:00,2021-04-29 18:38:37.096 +00:00
149,1,2,1.4.3,Warranty Review,0 days,1/1/21,12/31/22,0%,$0.00 ,0 hours,,2021-04-29 18:38:37.096 +00:00,2021-04-29 18:38:37.096 +00:00
150,1,2,1.4.3.1,Preparation,0 days,1/1/21,12/31/22,0%,$0.00 ,0 hours,,2021-04-29 18:38:37.096 +00:00,2021-04-29 18:38:37.096 +00:00
151,1,2,1.4.3.2,Travel,0 days,1/1/21,12/31/22,0%,$0.00 ,0 hours,,2021-04-29 18:38:37.096 +00:00,2021-04-29 18:38:37.096 +00:00
152,1,2,1.4.3.3,Review Cx Systems,0 days,1/1/21,12/31/22,0%,$0.00 ,0 hours,,2021-04-29 18:38:37.096 +00:00,2021-04-29 18:38:37.096 +00:00
153,1,2,1.4.3.4,Update Cx Issues Log,0 days,1/1/21,12/31/22,0%,$0.00 ,0 hours,,2021-04-29 18:38:37.096 +00:00,2021-04-29 18:38:37.096 +00:00
154,1,2,1.4.3.5,Write Reports,0 days,1/1/21,12/31/22,0%,$0.00 ,0 hours,,2021-04-29 18:38:37.096 +00:00,2021-04-29 18:38:37.096 +00:00
155,1,2,1.4.3.6,QA/QC Deliverables,0 days,1/1/21,12/31/22,0%,$0.00 ,0 hours,,2021-04-29 18:38:37.096 +00:00,2021-04-29 18:38:37.096 +00:00
156,1,2,1.5,ADMINISTRATION,0 days,1/1/21,12/31/22,0%,$0.00 ,0 hours,,2021-04-29 18:38:37.096 +00:00,2021-04-29 18:38:37.096 +00:00
157,1,2,1.5.1,Cx Management,0 days,1/1/21,12/31/22,0%,$0.00 ,0 hours,,2021-04-29 18:38:37.096 +00:00,2021-04-29 18:38:37.096 +00:00
158,1,2,1.5.2,Update MS Project Plan,0 days,1/1/21,12/31/22,0%,$0.00 ,0 hours,,2021-04-29 18:38:37.096 +00:00,2021-04-29 18:38:37.096 +00:00
159,1,2,1.5.3,Develop Monthly Invoices,0 days,1/1/21,12/31/22,0%,$0.00 ,0 hours,,2021-04-29 18:38:37.096 +00:00,2021-04-29 18:38:37.096 +00:00
160,1,2,1.5.4,QA/QC/Distrib Monthly Invoicing,0 days,1/1/21,12/31/22,0%,$0.00 ,0 hours,,2021-04-29 18:38:37.096 +00:00,2021-04-29 18:38:37.096 +00:00